flow_peak_datetime,peak_flow_m3s,rainfall_duration_10_90_hours,rainfall_duration_class,rainfall_peak_count,rainfall_structure,hydrograph_peak_count,hydrograph_structure,rainfall_centroid_to_flow_peak_hours,rising_limb_10_percent_hours,recession_half_time_hours
1992-11-02 09:00:00,25.787,30.0,intermediate,3,multi-burst,2,multi-peak,15.039924833766989,7.5,9.25
1992-11-27 20:00:00,19.023,66.0,prolonged,5,multi-burst,1,single-peak,24.766198834442562,7.5,4.5
1993-01-23 21:00:00,30.035,64.0,prolonged,4,multi-burst,2,multi-peak,26.7285342584562,5.25,10.5
1993-05-15 03:00:00,54.639,33.0,intermediate,2,multi-burst,1,single-peak,19.613805016909552,29.0,5.75
1993-10-07 18:30:00,54.554,40.0,prolonged,3,multi-burst,2,multi-peak,24.677321874840615,40.0,4.25
1993-12-09 06:00:00,18.297,56.0,prolonged,4,multi-burst,3,multi-peak,19.61991626794258,15.5,5.0
1993-12-29 11:00:00,19.418,44.0,prolonged,3,multi-burst,1,single-peak,16.51132816433391,5.75,5.5
1994-02-27 21:30:00,19.588,48.0,prolonged,4,multi-burst,1,single-peak,16.844606735060573,18.5,21.0
1994-03-03 08:30:00,20.096,66.0,prolonged,2,multi-burst,3,multi-peak,30.26332979733126,5.5,3.25
1994-03-23 10:30:00,18.491,29.0,intermediate,2,multi-burst,1,single-peak,10.26774870024903,4.75,8.5
1994-12-12 04:00:00,24.469,33.0,intermediate,4,multi-burst,1,single-peak,18.87045940627941,34.0,11.5
1995-01-31 11:30:00,19.674,8.0,concentrated,1,single-burst,2,multi-peak,9.249802097763705,5.5,5.0
1995-11-15 16:30:00,38.456,8.0,concentrated,1,single-burst,2,multi-peak,5.2263448419517715,8.0,16.0
1996-12-18 16:30:00,19.532,12.0,concentrated,2,multi-burst,1,single-peak,7.548363897878453,7.75,5.5
1997-02-17 20:00:00,19.731,25.0,intermediate,3,multi-burst,1,single-peak,8.676764040320911,5.25,7.5
1997-07-01 08:00:00,26.905,55.0,prolonged,2,multi-burst,1,single-peak,13.21735422326109,6.25,4.75
1997-12-11 10:00:00,23.422,44.0,prolonged,3,multi-burst,2,multi-peak,20.87209302325582,5.0,12.0
1998-04-05 10:00:00,19.22,49.0,prolonged,4,multi-burst,3,multi-peak,28.546709176848296,47.5,9.5
1998-10-16 16:45:00,21.442,41.0,prolonged,2,multi-burst,3,multi-peak,14.493298687089712,7.5,4.25
1998-11-03 01:00:00,30.406,9.0,concentrated,1,single-burst,1,single-peak,5.564012222499386,7.0,11.5
1998-12-27 02:00:00,21.619,39.0,prolonged,5,multi-burst,2,multi-peak,23.887068793902678,41.5,5.5
1999-01-19 15:15:00,23.179,20.0,intermediate,3,multi-burst,1,single-peak,10.28304096481611,8.75,3.25
1999-11-05 11:30:00,21.413,15.0,intermediate,2,multi-burst,2,multi-peak,11.529701655991772,5.0,4.75
1999-11-28 10:45:00,26.232,45.0,prolonged,3,multi-burst,2,multi-peak,18.406730681714755,8.0,8.75
1999-12-03 10:30:00,23.422,64.0,prolonged,4,multi-burst,2,multi-peak,19.269180859691808,7.0,4.5
1999-12-12 08:15:00,35.714,64.0,prolonged,4,multi-burst,1,single-peak,18.726772030651333,17.25,8.5
1999-12-25 01:15:00,20.103,52.0,prolonged,3,multi-burst,2,multi-peak,15.537667307928444,5.0,5.0
2000-04-26 23:45:00,88.08,37.0,prolonged,4,multi-burst,2,multi-peak,21.681490617881686,37.0,5.0
2000-11-07 11:45:00,50.571,22.0,intermediate,5,multi-burst,1,single-peak,16.077211068909385,21.75,8.75
2000-12-08 08:15:00,31.667,67.0,prolonged,2,multi-burst,1,single-peak,18.946316207465323,4.5,3.75
2001-02-06 21:30:00,24.656,47.0,prolonged,3,multi-burst,1,single-peak,25.650433486859924,11.5,7.0
2001-03-11 23:45:00,20.017,6.0,concentrated,1,single-burst,1,single-peak,6.2039252570855155,4.0,5.0
2001-08-19 23:30:00,21.207,27.0,intermediate,2,multi-burst,1,single-peak,12.544159613059264,9.25,7.75
2002-01-24 06:45:00,19.759,53.0,prolonged,3,multi-burst,2,multi-peak,16.71142113095238,8.25,4.0
2002-08-03 05:00:00,23.728,64.0,prolonged,3,multi-burst,2,multi-peak,25.17770576798445,6.0,4.75
2002-10-22 20:15:00,38.53,35.0,intermediate,3,multi-burst,2,multi-peak,16.992919653163682,29.75,5.0
2002-11-15 00:00:00,35.104,31.0,intermediate,4,multi-burst,1,single-peak,11.504703726328636,11.75,4.25
2004-02-01 22:30:00,18.77,39.0,prolonged,3,multi-burst,2,multi-peak,26.304345088161213,36.0,4.75
2004-06-24 12:00:00,25.787,24.0,intermediate,2,multi-burst,1,single-peak,20.504144053178507,21.5,12.25
2004-08-11 22:30:00,26.232,56.0,prolonged,4,multi-burst,4,multi-peak,41.66386238797341,0.75,2.75
2004-10-16 09:45:00,27.748,56.0,prolonged,4,multi-burst,1,single-peak,18.149335732078598,8.0,5.0
2005-01-08 07:15:00,22.244,63.0,prolonged,5,multi-burst,5,multi-peak,23.923903312444054,24.75,4.75
2005-03-28 15:30:00,22.574,36.0,intermediate,3,multi-burst,1,single-peak,12.634602442072868,6.0,5.25
2005-10-12 01:15:00,21.266,21.0,intermediate,1,single-burst,1,single-peak,9.47175593208484,6.5,12.0
2005-10-24 13:45:00,21.296,64.0,prolonged,3,multi-burst,1,single-peak,19.855490975417204,5.5,4.75
2006-11-15 22:30:00,20.218,38.0,prolonged,4,multi-burst,1,single-peak,16.477230331921938,6.25,6.0
2007-06-25 03:30:00,18.77,38.0,prolonged,4,multi-burst,2,multi-peak,22.277079062551934,31.25,6.25
2007-08-19 06:00:00,24.376,18.0,intermediate,2,multi-burst,1,single-peak,9.62286324786325,8.75,5.25
2007-11-21 20:00:00,22.514,50.0,prolonged,4,multi-burst,2,multi-peak,20.54705706602929,14.75,4.75
2008-01-08 22:15:00,35.14,44.0,prolonged,3,multi-burst,3,multi-peak,25.445334083699997,4.0,3.5
2008-02-29 18:45:00,20.507,7.0,concentrated,1,single-burst,1,single-peak,5.746265067059014,3.0,4.5
2008-08-07 03:00:00,34.64,18.0,intermediate,2,multi-burst,1,single-peak,9.446518954111092,7.75,5.0
2008-08-20 01:45:00,19.107,26.0,intermediate,3,multi-burst,3,multi-peak,16.038573582836385,15.5,3.75
2008-10-25 22:30:00,28.767,48.0,prolonged,7,multi-burst,1,single-peak,16.916299761511652,7.5,4.25
2008-12-19 17:45:00,20.943,48.0,prolonged,4,multi-burst,2,multi-peak,19.088147833474935,4.5,4.75
2009-11-01 18:45:00,31.564,25.0,intermediate,3,multi-burst,1,single-peak,10.566634814252424,5.5,4.5
2009-11-19 11:00:00,21.827,55.0,prolonged,6,multi-burst,1,single-peak,19.782897044287857,14.5,14.0
2010-01-16 11:00:00,24.874,59.0,prolonged,3,multi-burst,2,multi-peak,18.17289868967722,15.5,8.25
2010-02-26 09:30:00,26.328,40.0,prolonged,6,multi-burst,1,single-peak,23.22949924600905,21.0,9.5
2010-03-30 19:45:00,29.665,39.0,prolonged,5,multi-burst,2,multi-peak,18.816082220893946,23.75,3.75
2010-12-11 02:45:00,23.698,4.0,concentrated,1,single-burst,1,single-peak,37.613036303630366,19.5,8.0
2011-02-07 12:00:00,26.97,67.0,prolonged,3,multi-burst,2,multi-peak,28.800966659627875,6.5,7.5
2011-03-14 09:45:00,18.77,62.0,prolonged,3,multi-burst,3,multi-peak,29.624892677542007,9.5,9.0
2011-07-16 19:30:00,26.885,15.0,intermediate,2,multi-burst,1,single-peak,10.213733277591963,1.75,3.75
2011-08-11 15:15:00,32.739,26.0,intermediate,3,multi-burst,2,multi-peak,15.859378484278928,19.0,6.25
2011-10-17 18:15:00,38.27,6.0,concentrated,1,single-burst,1,single-peak,5.705105198019794,3.75,2.75
2011-12-08 10:30:00,18.38,34.0,intermediate,2,multi-burst,2,multi-peak,18.439590281086225,4.5,4.0
2012-06-17 01:45:00,20.276,37.0,prolonged,3,multi-burst,1,single-peak,18.38567123031634,18.75,8.0
2012-06-22 07:45:00,19.079,15.0,intermediate,2,multi-burst,3,multi-peak,8.05767541451631,4.75,5.0
2012-07-07 08:30:00,48.645,63.0,prolonged,3,multi-burst,2,multi-peak,28.884810981098106,6.75,6.25
2012-09-26 08:45:00,22.154,39.0,prolonged,3,multi-burst,2,multi-peak,23.558950854647847,31.5,4.0
2012-10-12 08:15:00,24.656,14.0,intermediate,1,single-burst,1,single-peak,8.616731191121438,11.25,4.75
2012-10-16 12:45:00,20.305,57.0,prolonged,4,multi-burst,2,multi-peak,17.4672259114297,5.25,3.75
2013-12-30 15:00:00,28.404,67.0,prolonged,3,multi-burst,2,multi-peak,27.34648568323464,7.25,5.25
2014-12-22 07:45:00,19.759,59.0,prolonged,2,multi-burst,1,single-peak,17.51733808880369,9.25,6.75
2015-12-06 09:00:00,30.44,60.0,prolonged,6,multi-burst,4,multi-peak,33.8820161537675,64.0,8.0
2015-12-26 20:00:00,24.036,59.0,prolonged,4,multi-burst,2,multi-peak,26.939201515576762,17.0,7.25
2016-01-10 21:15:00,21.619,28.0,intermediate,4,multi-burst,5,multi-peak,15.425533506182674,22.25,5.75
2016-01-27 14:15:00,18.714,28.0,intermediate,3,multi-burst,2,multi-peak,19.119429778247095,30.0,5.25
