water_year,peak_datetime,peak_flow_m3s,quality_flag,completeness,station_id,station_name
1994,1993-10-07 18:30:00,54.554,006,1.0,19006,Water of Leith at Murrayfield
1995,1994-12-12 04:00:00,24.469,000,1.0,19006,Water of Leith at Murrayfield
1996,1995-11-15 16:30:00,38.456,000,1.0,19006,Water of Leith at Murrayfield
1997,1997-07-01 08:00:00,26.905,000,1.0,19006,Water of Leith at Murrayfield
1998,1997-12-11 10:00:00,23.422,000,1.0,19006,Water of Leith at Murrayfield
1999,1998-11-03 01:00:00,30.406,000,1.0,19006,Water of Leith at Murrayfield
2000,2000-04-26 23:45:00,88.08,006,1.0,19006,Water of Leith at Murrayfield
2001,2000-11-07 11:45:00,50.571,000,1.0,19006,Water of Leith at Murrayfield
2002,2002-08-03 05:00:00,23.728,000,1.0,19006,Water of Leith at Murrayfield
2003,2002-10-22 20:15:00,38.53,000,1.0,19006,Water of Leith at Murrayfield
2004,2004-08-11 22:30:00,26.232,000,1.0,19006,Water of Leith at Murrayfield
2005,2004-10-16 09:45:00,27.748,000,1.0,19006,Water of Leith at Murrayfield
2006,2005-10-24 13:45:00,21.296,000,1.0,19006,Water of Leith at Murrayfield
2007,2007-08-19 06:00:00,24.376,000,1.0,19006,Water of Leith at Murrayfield
2008,2008-01-08 22:15:00,35.14,000,1.0,19006,Water of Leith at Murrayfield
2009,2008-10-25 22:30:00,28.767,000,1.0,19006,Water of Leith at Murrayfield
2010,2009-11-01 18:45:00,31.564,000,1.0,19006,Water of Leith at Murrayfield
2011,2011-08-11 15:15:00,32.739,000,1.0,19006,Water of Leith at Murrayfield
2012,2012-07-07 08:30:00,48.645,000,1.0,19006,Water of Leith at Murrayfield
2013,2012-10-12 08:15:00,24.656,000,1.0,19006,Water of Leith at Murrayfield
2014,2013-12-30 15:00:00,28.404,000,1.0,19006,Water of Leith at Murrayfield
2015,2014-12-22 07:45:00,19.759,000,1.0,19006,Water of Leith at Murrayfield
2016,2015-12-06 09:00:00,30.44,000,1.0,19006,Water of Leith at Murrayfield
2017,2017-06-29 23:45:00,28.77,000,1.0,19006,Water of Leith at Murrayfield
2018,2018-01-24 08:15:00,29.362,000,1.0,19006,Water of Leith at Murrayfield
2019,2019-06-24 17:45:00,46.539,000,1.0,19006,Water of Leith at Murrayfield
2020,2020-02-09 03:00:00,38.537,000,1.0,19006,Water of Leith at Murrayfield
2021,2020-12-04 20:30:00,51.743,000,1.0,19006,Water of Leith at Murrayfield
2022,2022-02-21 07:15:00,17.68,000,1.0,19006,Water of Leith at Murrayfield
2023,2022-12-30 12:45:00,57.826,006,1.0,19006,Water of Leith at Murrayfield
1994,1993-10-07 17:30:00,42.782,100,1.0,19012,Water of Leith at Colinton
1995,1994-12-12 05:00:00,17.348,100,1.0,19012,Water of Leith at Colinton
1996,1995-11-15 15:30:00,28.419,100,1.0,19012,Water of Leith at Colinton
1997,1997-07-01 07:30:00,18.047,100,1.0,19012,Water of Leith at Colinton
1998,1997-12-11 09:00:00,16.146,100,1.0,19012,Water of Leith at Colinton
1999,1998-11-02 22:30:00,21.242,150,1.0,19012,Water of Leith at Colinton
2000,2000-04-26 23:45:00,74.571,106,1.0,19012,Water of Leith at Colinton
2001,2000-11-07 11:45:00,43.095,100,1.0,19012,Water of Leith at Colinton
2002,2002-08-03 05:00:00,18.172,100,1.0,19012,Water of Leith at Colinton
2003,2002-11-14 23:00:00,28.316,100,1.0,19012,Water of Leith at Colinton
2004,2004-08-11 21:15:00,24.204,100,1.0,19012,Water of Leith at Colinton
2005,2004-10-16 08:45:00,22.285,100,1.0,19012,Water of Leith at Colinton
2006,2005-10-12 01:15:00,16.067,100,1.0,19012,Water of Leith at Colinton
2007,2006-11-15 22:15:00,18.971,000,1.0,19012,Water of Leith at Colinton
2008,2008-01-08 21:45:00,26.049,100,1.0,19012,Water of Leith at Colinton
2009,2008-10-25 21:45:00,22.536,100,1.0,19012,Water of Leith at Colinton
2010,2010-01-16 10:15:00,38.753,000,1.0,19012,Water of Leith at Colinton
2011,2011-08-11 14:45:00,23.926,000,1.0,19012,Water of Leith at Colinton
2012,2012-07-07 07:45:00,34.796,000,1.0,19012,Water of Leith at Colinton
2013,2012-10-12 08:45:00,18.464,100,1.0,19012,Water of Leith at Colinton
2014,2013-12-30 14:30:00,21.575,000,1.0,19012,Water of Leith at Colinton
2015,2014-12-22 06:45:00,15.032,000,1.0,19012,Water of Leith at Colinton
2016,2015-12-06 08:15:00,23.187,000,1.0,19012,Water of Leith at Colinton
2017,2017-06-29 23:15:00,22.148,000,1.0,19012,Water of Leith at Colinton
2018,2018-01-24 07:15:00,22.459,000,1.0,19012,Water of Leith at Colinton
2019,2019-06-24 17:00:00,39.231,000,1.0,19012,Water of Leith at Colinton
2020,2020-02-09 01:30:00,30.301,000,1.0,19012,Water of Leith at Colinton
2021,2020-12-04 19:15:00,44.549,006,1.0,19012,Water of Leith at Colinton
2022,2022-02-21 07:00:00,14.123,000,1.0,19012,Water of Leith at Colinton
2023,2022-12-30 11:45:00,49.217,006,1.0,19012,Water of Leith at Colinton
1994,1993-10-07 23:00:00,11.872,100,1.0,19017,Gogar Burn at Turnhouse
1995,1994-12-07 11:45:00,9.667,100,1.0,19017,Gogar Burn at Turnhouse
1996,1995-11-15 20:45:00,14.115,100,1.0,19017,Gogar Burn at Turnhouse
1997,1997-07-01 10:45:00,8.057,000,1.0,19017,Gogar Burn at Turnhouse
1998,1997-12-11 12:00:00,7.807,100,1.0,19017,Gogar Burn at Turnhouse
1999,1998-11-03 02:15:00,10.511,100,1.0,19017,Gogar Burn at Turnhouse
2000,2000-04-26 23:30:00,25.639,106,1.0,19017,Gogar Burn at Turnhouse
2001,2000-11-07 05:00:00,16.847,100,1.0,19017,Gogar Burn at Turnhouse
2002,2002-08-03 08:00:00,8.714,100,1.0,19017,Gogar Burn at Turnhouse
2003,2002-10-22 19:00:00,17.411,100,1.0,19017,Gogar Burn at Turnhouse
2004,2004-06-24 11:30:00,8.452,100,1.0,19017,Gogar Burn at Turnhouse
2005,2005-03-28 17:45:00,10.591,100,1.0,19017,Gogar Burn at Turnhouse
2006,2005-10-24 15:30:00,8.335,100,1.0,19017,Gogar Burn at Turnhouse
2007,2007-08-19 07:00:00,12.74,100,1.0,19017,Gogar Burn at Turnhouse
2008,2008-08-07 04:45:00,12.013,100,1.0,19017,Gogar Burn at Turnhouse
2009,2008-10-26 00:15:00,11.483,100,1.0,19017,Gogar Burn at Turnhouse
2010,2010-03-30 20:45:00,17.446,100,1.0,19017,Gogar Burn at Turnhouse
2011,2011-02-07 11:15:00,16.242,100,1.0,19017,Gogar Burn at Turnhouse
2012,2012-07-07 12:30:00,21.7,106,1.0,19017,Gogar Burn at Turnhouse
2013,2012-10-12 09:15:00,13.131,100,1.0,19017,Gogar Burn at Turnhouse
2014,2013-12-30 16:45:00,12.8,100,1.0,19017,Gogar Burn at Turnhouse
2015,2015-01-11 19:30:00,9.779,000,1.0,19017,Gogar Burn at Turnhouse
2016,2015-12-26 21:30:00,13.628,000,1.0,19017,Gogar Burn at Turnhouse
2017,2017-06-30 01:45:00,9.387,000,1.0,19017,Gogar Burn at Turnhouse
2018,2018-01-24 10:00:00,12.8,000,1.0,19017,Gogar Burn at Turnhouse
2019,2019-06-24 20:00:00,14.503,000,1.0,19017,Gogar Burn at Turnhouse
2020,2020-02-09 06:00:00,18.423,000,1.0,19017,Gogar Burn at Turnhouse
2021,2020-12-04 23:00:00,22.722,006,1.0,19017,Gogar Burn at Turnhouse
2022,2021-10-29 17:15:00,8.382,000,1.0,19017,Gogar Burn at Turnhouse
2023,2022-12-30 16:00:00,28.901,006,1.0,19017,Gogar Burn at Turnhouse
1994,1993-10-06 08:45:00,28.275,100,1.0,19004,North Esk at Dalmore Weir
1995,1994-12-11 20:30:00,29.5,100,1.0,19004,North Esk at Dalmore Weir
1996,1995-11-15 20:00:00,19.655,100,1.0,19004,North Esk at Dalmore Weir
1997,1997-02-20 22:00:00,23.029,100,1.0,19004,North Esk at Dalmore Weir
1998,1998-01-09 07:00:00,18.621,100,1.0,19004,North Esk at Dalmore Weir
1999,1998-11-03 02:00:00,25.728,100,1.0,19004,North Esk at Dalmore Weir
2000,2000-04-26 20:30:00,57.229,156,1.0,19004,North Esk at Dalmore Weir
2001,2000-11-07 10:15:00,35.372,100,1.0,19004,North Esk at Dalmore Weir
2002,2002-08-03 03:15:00,20.775,000,1.0,19004,North Esk at Dalmore Weir
2003,2002-10-22 08:00:00,31.733,000,1.0,19004,North Esk at Dalmore Weir
2004,2004-06-24 10:00:00,23.758,000,1.0,19004,North Esk at Dalmore Weir
2005,2005-01-08 02:45:00,31.206,000,1.0,19004,North Esk at Dalmore Weir
2006,2006-09-14 23:00:00,19.775,100,1.0,19004,North Esk at Dalmore Weir
2007,2006-11-15 23:45:00,21.154,100,1.0,19004,North Esk at Dalmore Weir
2008,2008-08-07 02:30:00,26.913,000,1.0,19004,North Esk at Dalmore Weir
2009,2008-10-25 22:15:00,22.473,000,1.0,19004,North Esk at Dalmore Weir
2010,2010-04-05 14:45:00,21.392,100,1.0,19004,North Esk at Dalmore Weir
2011,2011-08-11 14:30:00,26.562,100,1.0,19004,North Esk at Dalmore Weir
2012,2012-07-07 07:45:00,48.698,103,1.0,19004,North Esk at Dalmore Weir
2013,2012-10-12 08:15:00,24.194,100,1.0,19004,North Esk at Dalmore Weir
2014,2013-12-30 16:00:00,21.793,100,1.0,19004,North Esk at Dalmore Weir
2015,2014-12-22 05:45:00,28.518,000,1.0,19004,North Esk at Dalmore Weir
2016,2015-12-05 06:15:00,26.422,000,1.0,19004,North Esk at Dalmore Weir
2017,2017-02-25 09:15:00,23.293,000,1.0,19004,North Esk at Dalmore Weir
2018,2018-01-24 08:45:00,17.117,000,1.0,19004,North Esk at Dalmore Weir
2019,2019-08-12 00:00:00,15.835,000,1.0,19004,North Esk at Dalmore Weir
2020,2019-11-05 00:45:00,19.655,000,1.0,19004,North Esk at Dalmore Weir
2021,2020-12-04 20:30:00,33.415,000,1.0,19004,North Esk at Dalmore Weir
2022,2021-10-28 07:30:00,31.884,000,1.0,19004,North Esk at Dalmore Weir
2023,2022-12-30 13:30:00,48.108,006,1.0,19004,North Esk at Dalmore Weir
1994,1993-10-10 01:45:00,62.293,006,1.0,19021,South Esk at Cowbridge
1995,1994-12-12 07:45:00,40.822,000,1.0,19021,South Esk at Cowbridge
1996,1995-11-16 04:15:00,18.192,000,1.0,19021,South Esk at Cowbridge
1997,1997-02-21 05:45:00,27.543,000,1.0,19021,South Esk at Cowbridge
1998,1997-12-11 15:30:00,19.157,000,1.0,19021,South Esk at Cowbridge
1999,1998-11-03 04:00:00,44.595,000,1.0,19021,South Esk at Cowbridge
2000,2000-04-26 20:45:00,86.577,006,1.0,19021,South Esk at Cowbridge
2001,2000-11-05 19:15:00,36.352,000,1.0,19021,South Esk at Cowbridge
2002,2002-01-24 07:45:00,24.148,000,1.0,19021,South Esk at Cowbridge
2003,2002-10-22 20:15:00,58.804,006,1.0,19021,South Esk at Cowbridge
2004,2004-02-01 23:30:00,23.132,000,1.0,19021,South Esk at Cowbridge
2005,2005-01-08 05:30:00,45.176,000,1.0,19021,South Esk at Cowbridge
2006,2005-10-12 02:00:00,53.376,000,1.0,19021,South Esk at Cowbridge
2007,2007-08-19 08:15:00,30.945,000,1.0,19021,South Esk at Cowbridge
2008,2007-11-21 18:00:00,37.107,000,1.0,19021,South Esk at Cowbridge
2009,2009-09-04 10:45:00,30.915,000,1.0,19021,South Esk at Cowbridge
2010,2010-01-16 14:45:00,41.454,000,1.0,19021,South Esk at Cowbridge
2011,2011-08-11 14:00:00,49.399,000,1.0,19021,South Esk at Cowbridge
2012,2012-07-07 08:00:00,47.203,000,1.0,19021,South Esk at Cowbridge
2013,2012-10-12 09:45:00,36.958,100,1.0,19021,South Esk at Cowbridge
2014,2013-12-28 02:30:00,26.55,100,1.0,19021,South Esk at Cowbridge
2015,2014-12-22 06:45:00,44.139,000,1.0,19021,South Esk at Cowbridge
2016,2015-12-26 21:00:00,59.171,006,1.0,19021,South Esk at Cowbridge
2017,2016-11-22 11:30:00,42.706,000,1.0,19021,South Esk at Cowbridge
2018,2018-04-04 13:45:00,25.337,000,1.0,19021,South Esk at Cowbridge
2019,2019-03-16 18:30:00,14.648,000,1.0,19021,South Esk at Cowbridge
2020,2020-03-01 12:15:00,23.843,000,1.0,19021,South Esk at Cowbridge
2021,2020-12-04 22:30:00,33.073,000,1.0,19021,South Esk at Cowbridge
2022,2021-10-28 10:15:00,25.419,000,1.0,19021,South Esk at Cowbridge
2023,2022-12-30 14:30:00,39.623,000,1.0,19021,South Esk at Cowbridge
1994,1994-03-14 08:00:00,97.063,100,1.0,19005,Almond at Almondell
1995,1994-12-11 20:00:00,113.791,100,1.0,19005,Almond at Almondell
1996,1995-11-15 17:30:00,94.836,100,1.0,19005,Almond at Almondell
1997,1997-05-05 02:00:00,62.917,100,1.0,19005,Almond at Almondell
1998,1997-12-11 10:30:00,71.003,100,1.0,19005,Almond at Almondell
1999,1998-10-16 17:00:00,76.027,100,1.0,19005,Almond at Almondell
2000,2000-04-26 22:15:00,140.258,106,1.0,19005,Almond at Almondell
2001,2000-11-07 01:30:00,142.723,106,1.0,19005,Almond at Almondell
2002,2002-07-30 15:30:00,150.397,106,1.0,19005,Almond at Almondell
2003,2002-11-15 00:45:00,87.47,100,1.0,19005,Almond at Almondell
2004,2004-08-09 20:45:00,107.781,100,1.0,19005,Almond at Almondell
2005,2004-10-24 23:45:00,81.233,100,1.0,19005,Almond at Almondell
2006,2005-10-12 02:15:00,72.146,100,1.0,19005,Almond at Almondell
2007,2007-08-19 05:30:00,91.873,100,1.0,19005,Almond at Almondell
2008,2008-08-10 03:15:00,100.569,100,1.0,19005,Almond at Almondell
2009,2008-10-25 23:45:00,95.835,100,1.0,19005,Almond at Almondell
2010,2009-11-19 16:45:00,88.107,100,1.0,19005,Almond at Almondell
2011,2011-08-11 05:15:00,99.658,100,1.0,19005,Almond at Almondell
2012,2011-10-17 19:30:00,84.946,000,1.0,19005,Almond at Almondell
2013,2012-11-22 17:15:00,71.669,000,1.0,19005,Almond at Almondell
2014,2013-12-30 15:15:00,98.751,000,1.0,19005,Almond at Almondell
2015,2014-12-22 06:30:00,96.058,000,1.0,19005,Almond at Almondell
2016,2016-01-10 22:15:00,83.906,000,1.0,19005,Almond at Almondell
2017,2017-02-25 08:00:00,83.388,000,1.0,19005,Almond at Almondell
2018,2018-01-24 09:00:00,84.842,000,1.0,19005,Almond at Almondell
2019,2019-08-11 23:30:00,61.415,000,1.0,19005,Almond at Almondell
2020,2020-02-09 04:15:00,99.091,000,1.0,19005,Almond at Almondell
2021,2020-12-04 21:00:00,139.85,006,1.0,19005,Almond at Almondell
2022,2021-10-29 16:30:00,77.41,000,1.0,19005,Almond at Almondell
2023,2022-12-30 13:15:00,173.79,006,1.0,19005,Almond at Almondell
1994,1993-10-06 07:30:00,76.55,106,1.0,20003,Tyne at Spilmersford
1995,1994-12-12 04:30:00,15.854,000,1.0,20003,Tyne at Spilmersford
1996,1995-11-16 08:30:00,14.595,000,1.0,20003,Tyne at Spilmersford
1997,1997-07-01 06:30:00,35.214,100,1.0,20003,Tyne at Spilmersford
1998,1998-06-15 09:30:00,24.855,000,1.0,20003,Tyne at Spilmersford
1999,1998-11-03 07:00:00,46.009,100,1.0,20003,Tyne at Spilmersford
2000,2000-04-26 21:45:00,70.748,106,1.0,20003,Tyne at Spilmersford
2001,2000-11-07 06:30:00,90.006,106,1.0,20003,Tyne at Spilmersford
2002,2002-01-24 08:00:00,22.27,100,1.0,20003,Tyne at Spilmersford
2003,2002-10-22 21:45:00,56.875,100,1.0,20003,Tyne at Spilmersford
2004,2004-02-01 23:30:00,15.956,000,1.0,20003,Tyne at Spilmersford
2005,2005-01-08 03:15:00,26.961,100,1.0,20003,Tyne at Spilmersford
2006,2005-10-12 12:15:00,15.686,000,1.0,20003,Tyne at Spilmersford
2007,2007-08-19 09:30:00,39.005,000,1.0,20003,Tyne at Spilmersford
2008,2008-08-07 04:00:00,64.53,100,1.0,20003,Tyne at Spilmersford
2009,2009-09-04 11:15:00,52.509,100,1.0,20003,Tyne at Spilmersford
2010,2010-01-16 14:45:00,43.565,100,1.0,20003,Tyne at Spilmersford
2011,2011-08-11 15:30:00,49.103,000,1.0,20003,Tyne at Spilmersford
2012,2012-09-25 10:00:00,86.445,006,1.0,20003,Tyne at Spilmersford
2013,2012-10-12 08:45:00,34.345,000,1.0,20003,Tyne at Spilmersford
2014,2013-12-30 17:45:00,27.401,000,1.0,20003,Tyne at Spilmersford
2015,2014-11-14 17:00:00,20.933,000,1.0,20003,Tyne at Spilmersford
2016,2015-12-26 20:30:00,38.143,000,1.0,20003,Tyne at Spilmersford
2017,2016-11-22 09:00:00,49.25,000,1.0,20003,Tyne at Spilmersford
2018,2018-04-05 19:00:00,17.66,000,1.0,20003,Tyne at Spilmersford
2019,2019-06-13 10:15:00,26.35,000,1.0,20003,Tyne at Spilmersford
2020,2019-10-19 11:45:00,68.241,000,1.0,20003,Tyne at Spilmersford
2021,2020-12-04 21:15:00,44.821,000,1.0,20003,Tyne at Spilmersford
2022,2021-10-05 19:15:00,27.844,000,1.0,20003,Tyne at Spilmersford
2023,2022-11-18 14:15:00,42.93,000,1.0,20003,Tyne at Spilmersford
