flow_peak_datetime,peak_flow_m3s,peak_hour,rainfall_24h_mm,rainfall_48h_mm,rainfall_72h_mm,maximum_hourly_rainfall_mm,hours_from_rainfall_maximum_to_flow_peak,mean_disaggregation_fraction,maximum_disaggregation_fraction,maximum_gauge_distance_km,month,season,water_year_angle,antecedent_7d_mm,antecedent_14d_mm,antecedent_30d_mm,antecedent_30d_anomaly_mm_per_day
1992-11-02 09:00:00,25.787,1992-11-02 09:00:00,22.837000000000003,33.873,34.59,4.174,3.0,0.0136986301369863,1.0,8.0784,11,autumn,0.5573099296436688,18.79,22.767,50.260000000000005,-1.3984306666666662
1992-11-27 20:00:00,19.023,1992-11-27 20:00:00,18.011000000000003,21.661,28.999,3.192,7.0,0.0,0.0,17.8245,11,autumn,0.9955549322334778,22.789,34.089,110.52699999999999,0.6104693333333331
1993-01-23 21:00:00,30.035,1993-01-23 21:00:00,21.4,29.637,41.508,3.831,5.0,0.0,0.0,8.0784,1,winter,1.977481951129466,53.29299999999999,93.39299999999999,105.149,0.3235688172043014
1993-05-15 03:00:00,54.639,1993-05-15 03:00:00,45.571,82.202,82.202,4.301,33.0,0.0958904109589041,1.0,8.0784,5,spring,3.8925624043451617,11.872,20.419,69.704,0.10276102150537625
1993-10-07 18:30:00,54.554,1993-10-07 18:00:00,35.229,78.428,78.428,6.153999999999999,3.0,0.2016438356164383,0.92,8.0784,10,autumn,0.11655452196537473,24.744999999999997,26.647,112.37899999999999,0.5192905376344084
1993-12-09 06:00:00,18.297,1993-12-09 06:00:00,26.52,27.679,33.44,3.572,15.0,0.050958904109589,0.45,8.0784,12,winter,1.1920837877320174,35.108000000000004,38.751000000000005,68.166,-0.9425496774193554
1993-12-29 11:00:00,19.418,1993-12-29 11:00:00,7.694999999999999,9.204,9.931,1.5810000000000002,8.0,0.5923287671232877,0.92,8.492899999999999,12,winter,1.5399542071363665,9.693999999999999,55.53399999999999,130.781,1.1446169892473121
1994-02-27 21:30:00,19.588,1994-02-27 21:00:00,26.349,30.104,34.506,2.9420000000000006,49.0,0.1779452054794521,0.63,8.492899999999999,2,winter,2.5803378016642196,5.710999999999999,6.241,48.014,-0.9662353982300882
1994-03-03 08:30:00,20.096,1994-03-03 08:00:00,11.046,11.614,17.911,2.629,4.0,0.0284931506849315,0.08,17.8245,3,spring,2.639870265191149,54.501,55.488,77.863,0.5658768817204303
1994-03-23 10:30:00,18.491,1994-03-23 10:00:00,17.785,22.875,22.889,5.0,2.0,0.3287671232876712,1.0,8.0784,3,spring,2.985588908805368,24.584000000000003,57.186,147.906,2.900643548387097
1994-12-12 04:00:00,24.469,1994-12-12 04:00:00,38.984,58.415000000000006,58.44500000000001,4.115,11.0,0.08,0.08,8.0784,12,winter,1.2422918895017174,31.357,32.464999999999996,100.29700000000001,0.12848365591397837
1995-01-31 11:30:00,19.674,1995-01-31 11:00:00,18.617,19.218,20.212,6.729,3.0,0.0,0.0,8.492899999999999,1,winter,2.1083816450290405,31.466,56.376000000000005,87.70499999999998,-0.25789784946236605
1995-11-15 16:30:00,38.456,1995-11-15 16:00:00,38.401,38.401,38.406,6.001,4.0,0.5753424657534246,1.0,8.492899999999999,11,autumn,0.7843252150867961,10.491999999999999,17.805,86.297,-0.197197333333333
1996-12-18 16:30:00,19.532,1996-12-18 16:00:00,27.356,27.356,27.81,3.953,8.0,0.4323287671232876,1.0,8.492899999999999,12,winter,1.354542859886832,1.416,36.218999999999994,88.91199999999999,-0.25101634408602225
1997-02-17 20:00:00,19.731,1997-02-17 20:00:00,16.825,19.416,19.444,3.5010000000000003,4.0,0.2342465753424657,0.45,8.0784,2,winter,2.4071198505587548,42.399,55.805,59.57399999999999,-0.5809020648967551
1997-07-01 08:00:00,26.905,1997-07-01 08:00:00,26.786,26.882,31.657999999999998,5.191,5.0,0.3287671232876712,1.0,8.0784,7,summer,4.705216394417589,40.807,64.813,131.552,1.7008705376344078
1997-12-11 10:00:00,23.422,1997-12-11 10:00:00,17.152,27.113,30.014000000000003,5.501,4.0,0.0,0.0,8.0784,12,winter,1.2293812347609372,17.772,49.741,77.57900000000001,-0.6287830107526884
1998-04-05 10:00:00,19.22,1998-04-05 10:00:00,18.675,33.177,44.852,3.0,25.0,0.0,0.0,8.0784,4,spring,3.209014961680533,11.974,20.334,51.979,-0.2200486111111113
1998-10-16 16:45:00,21.442,1998-10-16 16:00:00,22.462,28.066,29.248,3.464,3.0,0.0591780821917808,0.24,8.0784,10,autumn,0.27022717631049187,26.339,55.455999999999996,62.565,-1.141176129032258
1998-11-03 01:00:00,30.406,1998-11-03 01:00:00,32.018,32.045,32.072,4.288,6.0,0.4171232876712329,0.68,8.0784,11,autumn,0.5687860671910288,35.643,80.96000000000001,162.404,2.3397026666666667
1998-12-27 02:00:00,21.619,1998-12-27 02:00:00,16.304000000000002,33.084,35.163,3.116,42.0,0.0087671232876712,0.08,8.0784,12,winter,1.4990704671238968,11.271,30.703000000000003,59.11,-1.2444163440860219
1999-01-19 15:15:00,23.179,1999-01-19 15:00:00,18.149,19.743,20.066,3.529,3.0,0.2602739726027397,1.0,8.0784,1,winter,1.9045008889142234,24.557,58.349999999999994,115.14199999999998,0.6566688172043005
1999-11-05 11:30:00,21.413,1999-11-05 11:00:00,27.673,27.677,30.133000000000003,5.626,3.0,0.3024657534246575,0.92,7.3498,11,autumn,0.6090769910135949,10.187999999999999,37.70099999999999,44.150999999999996,-1.602064
1999-11-28 10:45:00,26.232,1999-11-28 10:00:00,27.627,43.167,43.948,4.836000000000001,2.0,0.0,0.0,7.3498,11,autumn,1.0033854951782974,4.420999999999999,4.734999999999999,62.558,-0.9884973333333331
1999-12-03 10:30:00,23.422,1999-12-03 10:00:00,23.809,26.111000000000004,30.825000000000003,3.111,4.0,0.0057534246575342,0.42,7.3498,12,winter,1.0890425353120354,60.52499999999999,61.31699999999999,115.513,0.6356836559139785
1999-12-12 08:15:00,35.714,1999-12-12 08:00:00,30.145,32.753,37.584,4.321,4.0,0.0,0.0,7.3498,12,winter,1.2419376695799813,59.615,123.487,128.26000000000002,1.060583655913979
1999-12-25 01:15:00,20.103,1999-12-25 01:00:00,17.022,21.483,24.431,5.337999999999999,4.0,0.0098630136986301,0.08,7.3498,12,winter,1.4601038260792727,10.408999999999999,74.312,184.166,2.924116989247312
2000-04-26 23:45:00,88.08,2000-04-26 23:00:00,56.97200000000001,93.83700000000002,97.899,6.949000000000001,5.0,0.0,0.0,8.431,4,spring,3.5877603261026882,24.168999999999997,55.576,73.053,0.4824180555555553
2000-11-07 11:45:00,50.571,2000-11-07 11:00:00,63.768,73.69800000000001,73.72,5.48,18.0,0.3024657534246575,0.96,15.5955,11,autumn,0.6453534223898211,18.386,48.66499999999999,111.439,0.6408693333333333
2000-12-08 08:15:00,31.667,2000-12-08 08:00:00,23.663,24.029,32.738,4.925,1.0,0.2202739726027397,0.67,15.5955,12,winter,1.1764834132535749,22.447000000000003,40.368,163.519,2.235883655913978
2001-02-06 21:30:00,24.656,2001-02-06 21:00:00,18.536,23.349,29.527999999999995,3.4210000000000003,12.0,0.1891780821917808,0.56,15.8312,2,winter,2.21883946892238,16.2,30.889999999999997,41.05,-1.1983687315634217
2001-03-11 23:45:00,20.017,2001-03-11 23:00:00,18.74,19.679,19.935,5.379000000000001,2.0,0.1541095890410959,0.39,8.431,3,spring,2.7885221093592962,1.2279999999999998,29.008000000000003,39.873,-0.700456451612903
2001-08-19 23:30:00,21.207,2001-08-19 23:00:00,31.496,40.827,41.35,4.994,4.0,0.2756164383561643,1.0,15.6414,8,summer,5.559830012397553,29.186999999999998,59.202999999999996,83.264,0.04929763440860224
2002-01-24 06:45:00,19.759,2002-01-24 06:00:00,21.246,23.169,26.88,3.047,2.0,0.0,0.0,8.431,1,winter,1.984475222447388,26.204,27.125,36.751999999999995,-1.9563311827956988
2002-08-03 05:00:00,23.728,2002-08-03 05:00:00,25.93,26.152,38.575,6.891,5.0,0.1446575342465753,0.44,15.8312,8,summer,5.271133427221779,29.648,72.451,92.08099999999999,0.34319763440860207
2002-10-22 20:15:00,38.53,2002-10-22 20:00:00,58.324,74.333,74.50200000000001,5.069999999999999,15.0,0.0843835616438356,0.44,8.431,10,autumn,0.3760228193252167,16.519,61.355999999999995,67.789,-0.9670427956989247
2002-11-15 00:00:00,35.104,2002-11-15 00:00:00,28.966,31.127,32.739999999999995,5.303999999999999,3.0,0.0,0.0,8.431,11,autumn,0.7746392844467983,20.86,37.146,178.552,2.8779693333333336
2004-02-01 22:30:00,18.77,2004-02-01 22:00:00,11.16,30.387,31.76,2.955,3.0,0.0,0.0,15.6414,2,winter,2.127656500023415,13.298000000000002,30.972,97.34799999999998,0.6782312684365781
2004-06-24 12:00:00,25.787,2004-06-24 12:00:00,47.128,70.152,71.307,5.175,24.0,0.4236986301369863,0.86,16.2875,6,summer,4.592218769591637,16.337,26.07,48.564,-0.7498946666666664
2004-08-11 22:30:00,26.232,2004-08-11 22:00:00,8.949000000000002,26.919,51.885000000000005,7.082999999999999,53.0,0.0267123287671232,0.15,15.6414,8,summer,5.423753710347133,21.032,25.924,40.552,-1.374435698924731
2004-10-16 09:45:00,27.748,2004-10-16 09:00:00,25.837,31.494,36.13,3.865,6.0,0.0,0.0,15.6414,10,autumn,0.2652063661335219,7.034999999999999,51.596,89.345,-0.24850946236559146
2005-01-08 07:15:00,22.244,2005-01-08 07:00:00,26.433,32.873999999999995,40.212,4.069,20.0,0.0,0.0,15.6414,1,winter,1.7094065506091038,27.421,51.366,79.344,-0.5365978494623658
2005-03-28 15:30:00,22.574,2005-03-28 15:00:00,24.157,30.339,31.203,3.281,1.0,0.0032876712328767,0.01,15.6414,3,spring,3.075246233394118,1.714,27.576,60.275999999999996,-0.020356451612903115
2005-10-12 01:15:00,21.266,2005-10-12 01:00:00,52.514,56.894,57.189,8.771999999999998,4.0,0.2761643835616438,0.84,15.8312,10,autumn,0.19025284277732707,2.493,21.126,53.278,-1.4507427956989247
2005-10-24 13:45:00,21.296,2005-10-24 13:00:00,25.169,29.975,36.733,5.594000000000001,2.0,0.0,0.0,15.8312,10,autumn,0.40578905108868163,4.3069999999999995,81.011,103.09400000000001,0.2097905376344089
2006-11-15 22:30:00,20.218,2006-11-15 22:00:00,23.569000000000003,30.687,33.773,3.262,2.0,0.0,0.0,15.8312,11,autumn,0.7907776028727733,23.367,36.244,94.40700000000001,0.07313600000000076
2007-06-25 03:30:00,18.77,2007-06-25 03:00:00,18.92,34.919,36.098,3.923000000000001,40.0,0.000958904109589,0.01,15.8312,6,summer,4.5987034928061545,38.623000000000005,59.74400000000001,88.37,0.5769720000000005
2007-08-19 06:00:00,24.376,2007-08-19 06:00:00,39.822,40.839,41.184,4.984,6.0,0.210958904109589,0.64,15.8312,8,summer,5.547277986955128,30.534999999999997,45.105,89.305,0.25066430107526916
2007-11-21 20:00:00,22.514,2007-11-21 20:00:00,35.574,38.597,46.858,2.989,4.0,0.0,0.0,15.8312,11,autumn,0.8898317989676009,15.879999999999999,20.503999999999998,45.547,-1.5555306666666664
2008-01-08 22:15:00,35.14,2008-01-08 22:00:00,13.233000000000002,28.872,29.319000000000003,4.874,3.0,0.0,0.0,15.8312,1,winter,1.7154655240145087,36.084999999999994,73.527,89.71900000000001,-0.19076451612903167
2008-02-29 18:45:00,20.507,2008-02-29 18:00:00,17.156,17.509,17.671,6.144000000000001,2.0,0.3517808219178082,0.99,15.8312,2,winter,2.6056549724189932,32.602,32.973,85.42200000000001,0.2806979351032455
2008-08-07 03:00:00,34.64,2008-08-07 03:00:00,45.671,47.534,47.615,8.143,2.0,0.1545205479452054,0.47,15.8312,8,summer,5.341136690426909,42.248,42.421,104.112,0.7442309677419354
2008-08-20 01:45:00,19.107,2008-08-20 01:00:00,24.778,29.082,29.178,4.824,17.0,0.4508219178082192,1.0,15.8312,8,summer,5.563415815450368,43.83500000000001,134.114,170.59,2.9601643010752694
2008-10-25 22:30:00,28.767,2008-10-25 22:00:00,30.994,38.958,43.608,6.285999999999999,4.0,0.0,0.0,15.8312,10,autumn,0.4292792701309341,24.362,50.147,85.55799999999999,-0.3747427956989249
2008-12-19 17:45:00,20.943,2008-12-19 17:00:00,16.657,24.318,28.248,5.488,4.0,0.0,0.0,15.8312,12,winter,1.3726536394537594,18.513,28.978,51.821,-1.4873830107526886
2009-11-01 18:45:00,31.564,2009-11-01 18:00:00,33.904,36.66,38.197,6.687,2.0,0.0,0.0,15.8312,11,autumn,0.5470889946405514,23.408,30.314,53.354,-1.295297333333333
2009-11-19 11:00:00,21.827,2009-11-19 11:00:00,20.807,26.051,31.363,5.247999999999999,5.0,0.0,0.0,15.8312,11,autumn,0.851385954294768,31.560999999999996,43.63799999999999,115.003,0.7596693333333335
2010-01-16 11:00:00,24.874,2010-01-16 11:00:00,9.028,10.817,12.516,2.651,6.0,0.0,0.0,15.8312,1,winter,1.849809920915086,2.5890000000000004,19.854999999999997,79.059,-0.5460978494623654
2010-02-26 09:30:00,26.328,2010-02-26 09:00:00,18.605000000000004,36.065000000000005,38.462,4.092,36.0,0.186027397260274,0.55,15.8312,2,winter,2.554516492182659,0.7179999999999997,4.814,35.818,-1.3727687315634216
2010-03-30 19:45:00,29.665,2010-03-30 19:00:00,33.504,41.424,45.17100000000001,2.129,52.0,0.2034246575342465,0.99,15.8312,3,spring,3.112722995072216,26.289,27.494,69.16799999999999,0.27604354838709666
2010-12-11 02:45:00,23.698,2010-12-11 02:00:00,0.0509999999999999,0.606,0.606,0.545,39.0,0.6031506849315069,0.92,15.8312,12,winter,1.2241811099347897,15.007,59.31699999999999,116.095,0.6550836559139781
2011-02-07 12:00:00,26.97,2011-02-07 12:00:00,24.476000000000003,26.572000000000003,42.621,4.696000000000001,6.0,0.3287671232876712,1.0,7.248399999999999,2,winter,2.229239718574675,38.93999999999999,41.57999999999999,112.82499999999999,1.194131268436578
2011-03-14 09:45:00,18.77,2011-03-14 09:00:00,15.128999999999998,26.84,32.611999999999995,2.573,43.0,0.0,0.0,7.248399999999999,3,spring,2.8301231079684763,21.636,22.535,61.224,0.011243548387096958
2011-07-16 19:30:00,26.885,2011-07-16 19:00:00,18.31,19.136,19.136,3.69,14.0,0.5482191780821919,1.0,7.248399999999999,7,summer,4.971677963095354,35.557,42.866,102.083,0.7185705376344083
2011-08-11 15:15:00,32.739,2011-08-11 15:00:00,49.896,62.782,62.782,7.145,16.0,0.2726027397260273,1.0,7.248399999999999,8,summer,5.416198978406376,54.842,63.092999999999996,134.642,1.7618976344086024
2011-10-17 18:15:00,38.27,2011-10-17 18:00:00,31.465000000000003,32.248000000000005,32.32,9.279,3.0,0.4690410958904109,1.0,7.248399999999999,10,autumn,0.28772897197324554,20.723999999999997,59.236,95.768,-0.03440946236559128
2011-12-08 10:30:00,18.38,2011-12-08 10:00:00,11.647999999999998,20.365,20.99,4.584999999999999,4.0,0.0624657534246575,0.19,7.248399999999999,12,winter,1.1748784001642156,45.864,75.881,84.793,-0.38831634408602156
2012-06-17 01:45:00,20.276,2012-06-17 01:00:00,29.705,42.754,42.802,3.439,7.0,0.1232876712328767,1.0,7.248399999999999,6,summer,4.464716745342462,24.901,44.775999999999996,68.134,-0.09756133333333317
2012-06-22 07:45:00,19.079,2012-06-22 07:00:00,27.167,27.321,27.321,6.283,3.0,0.4232876712328768,1.0,7.248399999999999,6,summer,4.554844403437251,50.403999999999996,80.889,99.31400000000001,0.9417720000000007
2012-07-07 08:30:00,48.645,2012-07-07 08:00:00,26.088,27.346000000000004,44.44,7.514999999999999,64.0,0.0,0.0,7.248399999999999,7,summer,4.812888472149117,34.446000000000005,85.40200000000002,166.291,2.8588372043010746
2012-09-26 08:45:00,22.154,2012-09-26 08:00:00,15.86,38.564,40.309,4.038,2.0,0.0147945205479452,0.54,7.248399999999999,9,autumn,6.203608307472878,24.403,41.179,86.407,0.5001120000000001
2012-10-12 08:15:00,24.656,2012-10-12 08:00:00,38.686,38.696,38.745,3.359,13.0,0.6832876712328767,1.0,7.248399999999999,10,autumn,0.19527365295429708,5.55,50.739,116.367,0.6522238709677421
2012-10-16 12:45:00,20.305,2012-10-16 12:00:00,16.545,19.312,22.739,2.7310000000000003,3.0,0.0,0.0,7.248399999999999,10,autumn,0.2673581419236519,40.392,62.68300000000001,143.977,1.5725572043010754
2013-12-30 15:00:00,28.404,2013-12-30 15:00:00,28.516,30.091,45.087,4.09,6.0,0.0295890410958904,0.09,6.3647,12,winter,1.5600374478442465,58.05199999999999,94.666,142.22,1.5259169892473117
2014-12-22 07:45:00,19.759,2014-12-22 07:00:00,26.108,26.709,31.823,2.838,10.0,0.1808219178082191,0.55,6.3647,12,winter,1.4171236724497793,18.671000000000003,65.023,75.329,-0.7037830107526886
2015-12-06 09:00:00,30.44,2015-12-06 09:00:00,30.044000000000004,50.55500000000001,78.24799999999999,4.194,4.0,0.0,0.0,6.3647,12,winter,1.1394711059126914,47.949999999999996,56.403999999999996,194.34,3.2632503225806446
2015-12-26 20:00:00,24.036,2015-12-26 20:00:00,37.036,39.483,57.008,5.773,63.0,0.0,0.0,6.3647,12,winter,1.4906828529328617,37.241,53.405,201.10399999999998,3.4887169892473113
2016-01-10 21:15:00,21.619,2016-01-10 21:00:00,35.892,37.824,40.112,4.903999999999999,22.0,0.1446575342465753,0.44,6.3647,1,winter,1.7490845710816123,28.369,85.317,172.608,2.572202150537635
2016-01-27 14:15:00,18.714,2016-01-27 14:00:00,17.875999999999998,37.528000000000006,37.88,3.881,28.0,0.2712328767123287,0.99,6.3647,1,winter,2.0359194194626475,15.609,60.30800000000001,170.955,2.5171021505376348
